-- phpMyAdmin SQL Dump
-- version 5.0.3
-- https://www.phpmyadmin.net/
--
-- Host: 127.0.0.1
-- Generation Time: Mar 06, 2022 at 11:49 AM
-- Server version: 10.4.14-MariaDB
-- PHP Version: 7.4.11

SET SQL_MODE = "NO_AUTO_VALUE_ON_ZERO";
START TRANSACTION;
SET time_zone = "+00:00";


/*!40101 SET @OLD_CHARACTER_SET_CLIENT=@@CHARACTER_SET_CLIENT */;
/*!40101 SET @OLD_CHARACTER_SET_RESULTS=@@CHARACTER_SET_RESULTS */;
/*!40101 SET @OLD_COLLATION_CONNECTION=@@COLLATION_CONNECTION */;
/*!40101 SET NAMES utf8mb4 */;

--
-- Database: `city_list_api`
--

-- --------------------------------------------------------

--
-- Table structure for table `districts`
--

CREATE TABLE `districts` (
  `id` int(11) NOT NULL,
  `bn_name` varchar(255) DEFAULT NULL,
  `name` varchar(255) DEFAULT NULL,
  `division_id` int(11) DEFAULT NULL
) ENGINE=InnoDB DEFAULT CHARSET=utf8mb4;

--
-- Dumping data for table `districts`
--

INSERT INTO `districts` (`id`, `bn_name`, `name`, `division_id`) VALUES
(1, 'কুমিল্লা', 'Comilla', 1),
(2, 'ফেনী', 'Feni', 1),
(3, 'ব্রাহ্মণবাড়িয়া', 'Brahmanbaria', 1),
(4, 'রাঙ্গামাটি', 'Rangamati', 1),
(5, 'নোয়াখালী', 'Noakhali', 1),
(6, 'চাঁদপুর', 'Chandpur', 1),
(7, 'লক্ষ্মীপুর', 'Lakshmipur', 1),
(8, 'চট্টগ্রাম', 'Chattogram', 1),
(9, 'কক্সবাজার', 'Coxsbazar', 1),
(10, 'খাগড়াছড়ি', 'Khagrachhari', 1),
(11, 'বান্দরবান', 'Bandarban', 1),
(12, 'সিরাজগঞ্জ', 'Sirajganj', 2),
(13, 'পাবনা', 'Pabna', 2),
(14, 'বগুড়া', 'Bogura', 2),
(15, 'রাজশাহী', 'Rajshahi', 2),
(16, 'নাটোর', 'Natore', 2),
(17, 'জয়পুরহাট', 'Joypurhat', 2),
(18, 'চাঁপাইনবাবগঞ্জ', 'Chapainawabganj', 2),
(19, 'নওগাঁ', 'Naogaon', 2),
(20, 'যশোর', 'Jashore', 3),
(21, 'সাতক্ষীরা', 'Satkhira', 3),
(22, 'মেহেরপুর', 'Meherpur', 3),
(23, 'নড়াইল', 'Narail', 3),
(24, 'চুয়াডাঙ্গা', 'Chuadanga', 3),
(25, 'কুষ্টিয়া', 'Kushtia', 3),
(26, 'মাগুরা', 'Magura', 3),
(27, 'খুলনা', 'Khulna', 3),
(28, 'বাগেরহাট', 'Bagerhat', 3),
(29, 'ঝিনাইদহ', 'Jhenaidah', 3),
(30, 'ঝালকাঠি', 'Jhalakathi', 4),
(31, 'পটুয়াখালী', 'Patuakhali', 4),
(32, 'পিরোজপুর', 'Pirojpur', 4),
(33, 'বরিশাল', 'Barisal', 4),
(34, 'ভোলা', 'Bhola', 4),
(35, 'বরগুনা', 'Barguna', 4),
(36, 'সিলেট', 'Sylhet', 5),
(37, 'মৌলভীবাজার', 'Moulvibazar', 5),
(38, 'হবিগঞ্জ', 'Habiganj', 5),
(39, 'সুনামগঞ্জ', 'Sunamganj', 5),
(40, 'নরসিংদী', 'Narsingdi', 6),
(41, 'গাজীপুর', 'Gazipur', 6),
(42, 'শরীয়তপুর', 'Shariatpur', 6),
(43, 'নারায়ণগঞ্জ', 'Narayanganj', 6),
(44, 'টাঙ্গাইল', 'Tangail', 6),
(45, 'কিশোরগঞ্জ', 'Kishoreganj', 6),
(46, 'মানিকগঞ্জ', 'Manikganj', 6),
(47, 'ঢাকা', 'Dhaka', 6),
(48, 'মুন্সিগঞ্জ', 'Munshiganj', 6),
(49, 'রাজবাড়ী', 'Rajbari', 6),
(50, 'মাদারীপুর', 'Madaripur', 6),
(51, 'গোপালগঞ্জ', 'Gopalganj', 6),
(52, 'ফরিদপুর', 'Faridpur', 6),
(53, 'পঞ্চগড়', 'Panchagarh', 7),
(54, 'দিনাজপুর', 'Dinajpur', 7),
(55, 'লালমনিরহাট', 'Lalmonirhat', 7),
(56, 'নীলফামারী', 'Nilphamari', 7),
(57, 'গাইবান্ধা', 'Gaibandha', 7),
(58, 'ঠাকুরগাঁও', 'Thakurgaon', 7),
(59, 'রংপুর', 'Rangpur', 7),
(60, 'কুড়িগ্রাম', 'Kurigram', 7),
(61, 'শেরপুর', 'Sherpur', 8),
(62, 'ময়মনসিংহ', 'Mymensingh', 8),
(63, 'জামালপুর', 'Jamalpur', 8),
(64, 'নেত্রকোণা', 'Netrokona', 8);

-- --------------------------------------------------------

--
-- Table structure for table `divisions`
--

CREATE TABLE `divisions` (
  `id` int(1) NOT NULL,
  `name` varchar(25) NOT NULL,
  `bn_name` varchar(25) NOT NULL
) ENGINE=InnoDB DEFAULT CHARSET=utf8mb4;

--
-- Dumping data for table `divisions`
--

INSERT INTO `divisions` (`id`, `name`, `bn_name`) VALUES
(1, 'Chattagram', 'চট্টগ্রাম'),
(2, 'Rajshahi', 'রাজশাহী'),
(3, 'Khulna', 'খুলনা'),
(4, 'Barisal', 'বরিশাল'),
(5, 'Sylhet', 'সিলেট'),
(6, 'Dhaka', 'ঢাকা'),
(7, 'Rangpur', 'রংপুর'),
(8, 'Mymensingh', 'ময়মনসিংহ');

-- --------------------------------------------------------

--
-- Table structure for table `upazila`
--

CREATE TABLE `upazila` (
  `id` int(11) NOT NULL,
  `bn_name` varchar(255) DEFAULT NULL,
  `name` varchar(255) DEFAULT NULL,
  `district_id` int(11) DEFAULT NULL
) ENGINE=InnoDB DEFAULT CHARSET=utf8mb4;

--
-- Dumping data for table `upazila`
--

INSERT INTO `upazila` (`id`, `bn_name`, `name`, `district_id`) VALUES
(1, 'দেবিদ্বার', 'Debidwar', 1),
(2, 'বরুড়া', 'Barura', 1),
(3, 'ব্রাহ্মণপাড়া', 'Brahmanpara', 1),
(4, 'চান্দিনা', 'Chandina', 1),
(5, 'চৌদ্দগ্রাম', 'Chauddagram', 1),
(6, 'দাউদকান্দি', 'Daudkandi', 1),
(7, 'হোমনা', 'Homna', 1),
(8, 'লাকসাম', 'Laksam', 1),
(9, 'মুরাদনগর', 'Muradnagar', 1),
(10, 'নাঙ্গলকোট', 'Nangalkot', 1),
(11, 'কুমিল্লা সদর', 'Comilla Sadar', 1),
(12, 'মেঘনা', 'Meghna', 1),
(13, 'মনোহরগঞ্জ', 'Monohargonj', 1),
(14, 'সদর দক্ষিণ', 'Sadarsouth', 1),
(15, 'তিতাস', 'Titas', 1),
(16, 'বুড়িচং', 'Burichang', 1),
(17, 'লালমাই', 'Lalmai', 1),
(18, 'ছাগলনাইয়া', 'Chhagalnaiya', 2),
(19, 'ফেনী সদর', 'Feni Sadar', 2),
(20, 'সোনাগাজী', 'Sonagazi', 2),
(21, 'ফুলগাজী', 'Fulgazi', 2),
(22, 'পরশুরাম', 'Parshuram', 2),
(23, 'দাগনভূঞা', 'Daganbhuiyan', 2),
(24, 'ব্রাহ্মণবাড়িয়া সদর', 'Brahmanbaria Sadar', 3),
(25, 'কসবা', 'Kasba', 3),
(26, 'নাসিরনগর', 'Nasirnagar', 3),
(27, 'সরাইল', 'Sarail', 3),
(28, 'আশুগঞ্জ', 'Ashuganj', 3),
(29, 'আখাউড়া', 'Akhaura', 3),
(30, 'নবীনগর', 'Nabinagar', 3),
(31, 'বাঞ্ছারামপুর', 'Bancharampur', 3),
(32, 'বিজয়নগর', 'Bijoynagar', 3),
(33, 'রাঙ্গামাটি সদর', 'Rangamati Sadar', 4),
(34, 'কাপ্তাই', 'Kaptai', 4),
(35, 'কাউখালী', 'Kawkhali', 4),
(36, 'বাঘাইছড়ি', 'Baghaichari', 4),
(37, 'বরকল', 'Barkal', 4),
(38, 'লংগদু', 'Langadu', 4),
(39, 'রাজস্থলী', 'Rajasthali', 4),
(40, 'বিলাইছড়ি', 'Belaichari', 4),
(41, 'জুরাছড়ি', 'Juraichari', 4),
(42, 'নানিয়ারচর', 'Naniarchar', 4),
(43, 'নোয়াখালী সদর', 'Noakhali Sadar', 5),
(44, 'কোম্পানীগঞ্জ', 'Companiganj', 5),
(45, 'বেগমগঞ্জ', 'Begumganj', 5),
(46, 'হাতিয়া', 'Hatia', 5),
(47, 'সুবর্ণচর', 'Subarnachar', 5),
(48, 'কবিরহাট', 'Kabirhat', 5),
(49, 'সেনবাগ', 'Senbug', 5),
(50, 'চাটখিল', 'Chatkhil', 5),
(51, 'সোনাইমুড়ী', 'Sonaimori', 5),
(52, 'হাইমচর', 'Haimchar', 6),
(53, 'কচুয়া', 'Kachua', 6),
(54, 'শাহরাস্তি	', 'Shahrasti', 6),
(55, 'চাঁদপুর সদর', 'Chandpur Sadar', 6),
(56, 'মতলব দক্ষিণ', 'Matlab South', 6),
(57, 'হাজীগঞ্জ', 'Hajiganj', 6),
(58, 'মতলব উত্তর', 'Matlab North', 6),
(59, 'ফরিদগঞ্জ', 'Faridgonj', 6),
(60, 'লক্ষ্মীপুর সদর', 'Lakshmipur Sadar', 7),
(61, 'কমলনগর', 'Kamalnagar', 7),
(62, 'রায়পুর', 'Raipur', 7),
(63, 'রামগতি', 'Ramgati', 7),
(64, 'রামগঞ্জ', 'Ramganj', 7),
(65, 'রাঙ্গুনিয়া', 'Rangunia', 8),
(66, 'সীতাকুন্ড', 'Sitakunda', 8),
(67, 'মীরসরাই', 'Mirsharai', 8),
(68, 'পটিয়া', 'Patiya', 8),
(69, 'সন্দ্বীপ', 'Sandwip', 8),
(70, 'বাঁশখালী', 'Banshkhali', 8),
(71, 'বোয়ালখালী', 'Boalkhali', 8),
(72, 'আনোয়ারা', 'Anwara', 8),
(73, 'চন্দনাইশ', 'Chandanaish', 8),
(74, 'সাতকানিয়া', 'Satkania', 8),
(75, 'লোহাগাড়া', 'Lohagara', 8),
(76, 'হাটহাজারী', 'Hathazari', 8),
(77, 'ফটিকছড়ি', 'Fatikchhari', 8),
(78, 'রাউজান', 'Raozan', 8),
(79, 'কর্ণফুলী', 'Karnafuli', 8),
(80, 'কক্সবাজার সদর', 'Coxsbazar Sadar', 9),
(81, 'চকরিয়া', 'Chakaria', 9),
(82, 'কুতুবদিয়া', 'Kutubdia', 9),
(83, 'উখিয়া', 'Ukhiya', 9),
(84, 'মহেশখালী', 'Moheshkhali', 9),
(85, 'পেকুয়া', 'Pekua', 9),
(86, 'রামু', 'Ramu', 9),
(87, 'টেকনাফ', 'Teknaf', 9),
(88, 'খাগড়াছড়ি সদর', 'Khagrachhari Sadar', 10),
(89, 'দিঘীনালা', 'Dighinala', 10),
(90, 'পানছড়ি', 'Panchari', 10),
(91, 'লক্ষীছড়ি', 'Laxmichhari', 10),
(92, 'মহালছড়ি', 'Mohalchari', 10),
(93, 'মানিকছড়ি', 'Manikchari', 10),
(94, 'রামগড়', 'Ramgarh', 10),
(95, 'মাটিরাঙ্গা', 'Matiranga', 10),
(96, 'গুইমারা', 'Guimara', 10),
(97, 'বান্দরবান সদর', 'Bandarban Sadar', 11),
(98, 'আলীকদম', 'Alikadam', 11),
(99, 'নাইক্ষ্যংছড়ি', 'Naikhongchhari', 11),
(100, 'রোয়াংছড়ি', 'Rowangchhari', 11),
(101, 'লামা', 'Lama', 11),
(102, 'রুমা', 'Ruma', 11),
(103, 'থানচি', 'Thanchi', 11),
(104, 'বেলকুচি', 'Belkuchi', 12),
(105, 'চৌহালি', 'Chauhali', 12),
(106, 'কামারখন্দ', 'Kamarkhand', 12),
(107, 'কাজীপুর', 'Kazipur', 12),
(108, 'রায়গঞ্জ', 'Raigonj', 12),
(109, 'শাহজাদপুর', 'Shahjadpur', 12),
(110, 'সিরাজগঞ্জ সদর', 'Sirajganj Sadar', 12),
(111, 'তাড়াশ', 'Tarash', 12),
(112, 'উল্লাপাড়া', 'Ullapara', 12),
(113, 'সুজানগর', 'Sujanagar', 13),
(114, 'ঈশ্বরদী', 'Ishurdi', 13),
(115, 'ভাঙ্গুড়া', 'Bhangura', 13),
(116, 'পাবনা সদর', 'Pabna Sadar', 13),
(117, 'বেড়া', 'Bera', 13),
(118, 'আটঘরিয়া', 'Atghoria', 13),
(119, 'চাটমোহর', 'Chatmohar', 13),
(120, 'সাঁথিয়া', 'Santhia', 13),
(121, 'ফরিদপুর', 'Faridpur', 13),
(122, 'কাহালু', 'Kahaloo', 14),
(123, 'বগুড়া সদর', 'Bogra Sadar', 14),
(124, 'সারিয়াকান্দি', 'Shariakandi', 14),
(125, 'শাজাহানপুর', 'Shajahanpur', 14),
(126, 'দুপচাচিঁয়া', 'Dupchanchia', 14),
(127, 'আদমদিঘি', 'Adamdighi', 14),
(128, 'নন্দিগ্রাম', 'Nondigram', 14),
(129, 'সোনাতলা', 'Sonatala', 14),
(130, 'ধুনট', 'Dhunot', 14),
(131, 'গাবতলী', 'Gabtali', 14),
(132, 'শেরপুর', 'Sherpur', 14),
(133, 'শিবগঞ্জ', 'Shibganj', 14),
(134, 'পবা', 'Paba', 15),
(135, 'দুর্গাপুর', 'Durgapur', 15),
(136, 'মোহনপুর', 'Mohonpur', 15),
(137, 'চারঘাট', 'Charghat', 15),
(138, 'পুঠিয়া', 'Puthia', 15),
(139, 'বাঘা', 'Bagha', 15),
(140, 'গোদাগাড়ী', 'Godagari', 15),
(141, 'তানোর', 'Tanore', 15),
(142, 'বাগমারা', 'Bagmara', 15),
(143, 'নাটোর সদর', 'Natore Sadar', 16),
(144, 'সিংড়া', 'Singra', 16),
(145, 'বড়াইগ্রাম', 'Baraigram', 16),
(146, 'বাগাতিপাড়া', 'Bagatipara', 16),
(147, 'লালপুর', 'Lalpur', 16),
(148, 'গুরুদাসপুর', 'Gurudaspur', 16),
(149, 'নলডাঙ্গা', 'Naldanga', 16),
(150, 'আক্কেলপুর', 'Akkelpur', 17),
(151, 'কালাই', 'Kalai', 17),
(152, 'ক্ষেতলাল', 'Khetlal', 17),
(153, 'পাঁচবিবি', 'Panchbibi', 17),
(154, 'জয়পুরহাট সদর', 'Joypurhat Sadar', 17),
(155, 'চাঁপাইনবাবগঞ্জ সদর', 'Chapainawabganj Sadar', 18),
(156, 'গোমস্তাপুর', 'Gomostapur', 18),
(157, 'নাচোল', 'Nachol', 18),
(158, 'ভোলাহাট', 'Bholahat', 18),
(159, 'শিবগঞ্জ', 'Shibganj', 18),
(160, 'মহাদেবপুর', 'Mohadevpur', 19),
(161, 'বদলগাছী', 'Badalgachi', 19),
(162, 'পত্নিতলা', 'Patnitala', 19),
(163, 'ধামইরহাট', 'Dhamoirhat', 19),
(164, 'নিয়ামতপুর', 'Niamatpur', 19),
(165, 'মান্দা', 'Manda', 19),
(166, 'আত্রাই', 'Atrai', 19),
(167, 'রাণীনগর', 'Raninagar', 19),
(168, 'নওগাঁ সদর', 'Naogaon Sadar', 19),
(169, 'পোরশা', 'Porsha', 19),
(170, 'সাপাহার', 'Sapahar', 19),
(171, 'মণিরামপুর', 'Manirampur', 20),
(172, 'অভয়নগর', 'Abhaynagar', 20),
(173, 'বাঘারপাড়া', 'Bagherpara', 20),
(174, 'চৌগাছা', 'Chougachha', 20),
(175, 'ঝিকরগাছা', 'Jhikargacha', 20),
(176, 'কেশবপুর', 'Keshabpur', 20),
(177, 'যশোর সদর', 'Jessore Sadar', 20),
(178, 'শার্শা', 'Sharsha', 20),
(179, 'আশাশুনি', 'Assasuni', 21),
(180, 'দেবহাটা', 'Debhata', 21),
(181, 'কলারোয়া', 'Kalaroa', 21),
(182, 'সাতক্ষীরা সদর', 'Satkhira Sadar', 21),
(183, 'শ্যামনগর', 'Shyamnagar', 21),
(184, 'তালা', 'Tala', 21),
(185, 'কালিগঞ্জ', 'Kaliganj', 21),
(186, 'মুজিবনগর', 'Mujibnagar', 22),
(187, 'মেহেরপুর সদর', 'Meherpur Sadar', 22),
(188, 'গাংনী', 'Gangni', 22),
(189, 'নড়াইল সদর', 'Narail Sadar', 23),
(190, 'লোহাগড়া', 'Lohagara', 23),
(191, 'কালিয়া', 'Kalia', 23),
(192, 'চুয়াডাঙ্গা সদর', 'Chuadanga Sadar', 24),
(193, 'আলমডাঙ্গা', 'Alamdanga', 24),
(194, 'দামুড়হুদা', 'Damurhuda', 24),
(195, 'জীবননগর', 'Jibannagar', 24),
(196, 'কুষ্টিয়া সদর', 'Kushtia Sadar', 25),
(197, 'কুমারখালী', 'Kumarkhali', 25),
(198, 'খোকসা', 'Khoksa', 25),
(199, 'মিরপুর', 'Mirpur', 25),
(200, 'দৌলতপুর', 'Daulatpur', 25),
(201, 'ভেড়ামারা', 'Bheramara', 25),
(202, 'শালিখা', 'Shalikha', 26),
(203, 'শ্রীপুর', 'Sreepur', 26),
(204, 'মাগুরা সদর', 'Magura Sadar', 26),
(205, 'মহম্মদপুর', 'Mohammadpur', 26),
(206, 'পাইকগাছা', 'Paikgasa', 27),
(207, 'ফুলতলা', 'Fultola', 27),
(208, 'দিঘলিয়া', 'Digholia', 27),
(209, 'রূপসা', 'Rupsha', 27),
(210, 'তেরখাদা', 'Terokhada', 27),
(211, 'ডুমুরিয়া', 'Dumuria', 27),
(212, 'বটিয়াঘাটা', 'Botiaghata', 27),
(213, 'দাকোপ', 'Dakop', 27),
(214, 'কয়রা', 'Koyra', 27),
(215, 'ফকিরহাট', 'Fakirhat', 28),
(216, 'বাগেরহাট সদর', 'Bagerhat Sadar', 28),
(217, 'মোল্লাহাট', 'Mollahat', 28),
(218, 'শরণখোলা', 'Sarankhola', 28),
(219, 'রামপাল', 'Rampal', 28),
(220, 'মোড়েলগঞ্জ', 'Morrelganj', 28),
(221, 'কচুয়া', 'Kachua', 28),
(222, 'মোংলা', 'Mongla', 28),
(223, 'চিতলমারী', 'Chitalmari', 28),
(224, 'ঝিনাইদহ সদর', 'Jhenaidah Sadar', 29),
(225, 'শৈলকুপা', 'Shailkupa', 29),
(226, 'হরিণাকুন্ডু', 'Harinakundu', 29),
(227, 'কালীগঞ্জ', 'Kaliganj', 29),
(228, 'কোটচাঁদপুর', 'Kotchandpur', 29),
(229, 'মহেশপুর', 'Moheshpur', 29),
(230, 'ঝালকাঠি সদর', 'Jhalakathi Sadar', 30),
(231, 'কাঠালিয়া', 'Kathalia', 30),
(232, 'নলছিটি', 'Nalchity', 30),
(233, 'রাজাপুর', 'Rajapur', 30),
(234, 'বাউফল', 'Bauphal', 31),
(235, 'পটুয়াখালী সদর', 'Patuakhali Sadar', 31),
(236, 'দুমকি', 'Dumki', 31),
(237, 'দশমিনা', 'Dashmina', 31),
(238, 'কলাপাড়া', 'Kalapara', 31),
(239, 'মির্জাগঞ্জ', 'Mirzaganj', 31),
(240, 'গলাচিপা', 'Galachipa', 31),
(241, 'রাঙ্গাবালী', 'Rangabali', 31),
(242, 'পিরোজপুর সদর', 'Pirojpur Sadar', 32),
(243, 'নাজিরপুর', 'Nazirpur', 32),
(244, 'কাউখালী', 'Kawkhali', 32),
(245, 'জিয়ানগর', 'Zianagar', 32),
(246, 'ভান্ডারিয়া', 'Bhandaria', 32),
(247, 'মঠবাড়ীয়া', 'Mathbaria', 32),
(248, 'নেছারাবাদ', 'Nesarabad', 32),
(249, 'বরিশাল সদর', 'Barisal Sadar', 33),
(250, 'বাকেরগঞ্জ', 'Bakerganj', 33),
(251, 'বাবুগঞ্জ', 'Babuganj', 33),
(252, 'উজিরপুর', 'Wazirpur', 33),
(253, 'বানারীপাড়া', 'Banaripara', 33),
(254, 'গৌরনদী', 'Gournadi', 33),
(255, 'আগৈলঝাড়া', 'Agailjhara', 33),
(256, 'মেহেন্দিগঞ্জ', 'Mehendiganj', 33),
(257, 'মুলাদী', 'Muladi', 33),
(258, 'হিজলা', 'Hizla', 33),
(259, 'ভোলা সদর', 'Bhola Sadar', 34),
(260, 'বোরহান উদ্দিন', 'Borhan Sddin', 34),
(261, 'চরফ্যাশন', 'Charfesson', 34),
(262, 'দৌলতখান', 'Doulatkhan', 34),
(263, 'মনপুরা', 'Monpura', 34),
(264, 'তজুমদ্দিন', 'Tazumuddin', 34),
(265, 'লালমোহন', 'Lalmohan', 34),
(266, 'আমতলী', 'Amtali', 35),
(267, 'বরগুনা সদর', 'Barguna Sadar', 35),
(268, 'বেতাগী', 'Betagi', 35),
(269, 'বামনা', 'Bamna', 35),
(270, 'পাথরঘাটা', 'Pathorghata', 35),
(271, 'তালতলি', 'Taltali', 35),
(272, 'বালাগঞ্জ', 'Balaganj', 36),
(273, 'বিয়ানীবাজার', 'Beanibazar', 36),
(274, 'বিশ্বনাথ', 'Bishwanath', 36),
(275, 'কোম্পানীগঞ্জ', 'Companiganj', 36),
(276, 'ফেঞ্চুগঞ্জ', 'Fenchuganj', 36),
(277, 'গোলাপগঞ্জ', 'Golapganj', 36),
(278, 'গোয়াইনঘাট', 'Gowainghat', 36),
(279, 'জৈন্তাপুর', 'Jaintiapur', 36),
(280, 'কানাইঘাট', 'Kanaighat', 36),
(281, 'সিলেট সদর', 'Sylhet Sadar', 36),
(282, 'জকিগঞ্জ', 'Zakiganj', 36),
(283, 'দক্ষিণ সুরমা', 'Dakshinsurma', 36),
(284, 'ওসমানী নগর', 'Osmaninagar', 36),
(285, 'বড়লেখা', 'Barlekha', 37),
(286, 'কমলগঞ্জ', 'Kamolganj', 37),
(287, 'কুলাউড়া', 'Kulaura', 37),
(288, 'মৌলভীবাজার সদর', 'Moulvibazar Sadar', 37),
(289, 'রাজনগর', 'Rajnagar', 37),
(290, 'শ্রীমঙ্গল', 'Sreemangal', 37),
(291, 'জুড়ী', 'Juri', 37),
(292, 'নবীগঞ্জ', 'Nabiganj', 38),
(293, 'বাহুবল', 'Bahubal', 38),
(294, 'আজমিরীগঞ্জ', 'Ajmiriganj', 38),
(295, 'বানিয়াচং', 'Baniachong', 38),
(296, 'লাখাই', 'Lakhai', 38),
(297, 'চুনারুঘাট', 'Chunarughat', 38),
(298, 'হবিগঞ্জ সদর', 'Habiganj Sadar', 38),
(299, 'মাধবপুর', 'Madhabpur', 38),
(300, 'সুনামগঞ্জ সদর', 'Sunamganj Sadar', 39),
(301, 'দক্ষিণ সুনামগঞ্জ', 'South Sunamganj', 39),
(302, 'বিশ্বম্ভরপুর', 'Bishwambarpur', 39),
(303, 'ছাতক', 'Chhatak', 39),
(304, 'জগন্নাথপুর', 'Jagannathpur', 39),
(305, 'দোয়ারাবাজার', 'Dowarabazar', 39),
(306, 'তাহিরপুর', 'Tahirpur', 39),
(307, 'ধর্মপাশা', 'Dharmapasha', 39),
(308, 'জামালগঞ্জ', 'Jamalganj', 39),
(309, 'শাল্লা', 'Shalla', 39),
(310, 'দিরাই', 'Derai', 39),
(311, 'বেলাবো', 'Belabo', 40),
(312, 'মনোহরদী', 'Monohardi', 40),
(313, 'নরসিংদী সদর', 'Narsingdi Sadar', 40),
(314, 'পলাশ', 'Palash', 40),
(315, 'রায়পুরা', 'Raipura', 40),
(316, 'শিবপুর', 'Shibpur', 40),
(317, 'কালীগঞ্জ', 'Kaliganj', 41),
(318, 'কালিয়াকৈর', 'Kaliakair', 41),
(319, 'কাপাসিয়া', 'Kapasia', 41),
(320, 'গাজীপুর সদর', 'Gazipur Sadar', 41),
(321, 'শ্রীপুর', 'Sreepur', 41),
(322, 'শরিয়তপুর সদর', 'Shariatpur Sadar', 42),
(323, 'নড়িয়া', 'Naria', 42),
(324, 'জাজিরা', 'Zajira', 42),
(325, 'গোসাইরহাট', 'Gosairhat', 42),
(326, 'ভেদরগঞ্জ', 'Bhedarganj', 42),
(327, 'ডামুড্যা', 'Damudya', 42),
(328, 'আড়াইহাজার', 'Araihazar', 43),
(329, 'বন্দর', 'Bandar', 43),
(330, 'নারায়নগঞ্জ সদর', 'Narayanganj Sadar', 43),
(331, 'রূপগঞ্জ', 'Rupganj', 43),
(332, 'সোনারগাঁ', 'Sonargaon', 43),
(333, 'বাসাইল', 'Basail', 44),
(334, 'ভুয়াপুর', 'Bhuapur', 44),
(335, 'দেলদুয়ার', 'Delduar', 44),
(336, 'ঘাটাইল', 'Ghatail', 44),
(337, 'গোপালপুর', 'Gopalpur', 44),
(338, 'মধুপুর', 'Madhupur', 44),
(339, 'মির্জাপুর', 'Mirzapur', 44),
(340, 'নাগরপুর', 'Nagarpur', 44),
(341, 'সখিপুর', 'Sakhipur', 44),
(342, 'টাঙ্গাইল সদর', 'Tangail Sadar', 44),
(343, 'কালিহাতী', 'Kalihati', 44),
(344, 'ধনবাড়ী', 'Dhanbari', 44),
(345, 'ইটনা', 'Itna', 45),
(346, 'কটিয়াদী', 'Katiadi', 45),
(347, 'ভৈরব', 'Bhairab', 45),
(348, 'তাড়াইল', 'Tarail', 45),
(349, 'হোসেনপুর', 'Hossainpur', 45),
(350, 'পাকুন্দিয়া', 'Pakundia', 45),
(351, 'কুলিয়ারচর', 'Kuliarchar', 45),
(352, 'কিশোরগঞ্জ সদর', 'Kishoreganj Sadar', 45),
(353, 'করিমগঞ্জ', 'Karimgonj', 45),
(354, 'বাজিতপুর', 'Bajitpur', 45),
(355, 'অষ্টগ্রাম', 'Austagram', 45),
(356, 'মিঠামইন', 'Mithamoin', 45),
(357, 'নিকলী', 'Nikli', 45),
(358, 'হরিরামপুর', 'Harirampur', 46),
(359, 'সাটুরিয়া', 'Saturia', 46),
(360, 'মানিকগঞ্জ সদর', 'Manikganj Sadar', 46),
(361, 'ঘিওর', 'Gior', 46),
(362, 'শিবালয়', 'Shibaloy', 46),
(363, 'দৌলতপুর', 'Doulatpur', 46),
(364, 'সিংগাইর', 'Singiar', 46),
(365, 'সাভার', 'Savar', 47),
(366, 'ধামরাই', 'Dhamrai', 47),
(367, 'কেরাণীগঞ্জ', 'Keraniganj', 47),
(368, 'নবাবগঞ্জ', 'Nawabganj', 47),
(369, 'দোহার', 'Dohar', 47),
(370, 'মুন্সিগঞ্জ সদর', 'Munshiganj Sadar', 48),
(371, 'শ্রীনগর', 'Sreenagar', 48),
(372, 'সিরাজদিখান', 'Sirajdikhan', 48),
(373, 'লৌহজং', 'Louhajanj', 48),
(374, 'গজারিয়া', 'Gajaria', 48),
(375, 'টংগীবাড়ি', 'Tongibari', 48),
(376, 'রাজবাড়ী সদর', 'Rajbari Sadar', 49),
(377, 'গোয়ালন্দ', 'Goalanda', 49),
(378, 'পাংশা', 'Pangsa', 49),
(379, 'বালিয়াকান্দি', 'Baliakandi', 49),
(380, 'কালুখালী', 'Kalukhali', 49),
(381, 'মাদারীপুর সদর', 'Madaripur Sadar', 50),
(382, 'শিবচর', 'Shibchar', 50),
(383, 'কালকিনি', 'Kalkini', 50),
(384, 'রাজৈর', 'Rajoir', 50),
(385, 'গোপালগঞ্জ সদর', 'Gopalganj Sadar', 51),
(386, 'কাশিয়ানী', 'Kashiani', 51),
(387, 'টুংগীপাড়া', 'Tungipara', 51),
(388, 'কোটালীপাড়া', 'Kotalipara', 51),
(389, 'মুকসুদপুর', 'Muksudpur', 51),
(390, 'ফরিদপুর সদর', 'Faridpur Sadar', 52),
(391, 'আলফাডাঙ্গা', 'Alfadanga', 52),
(392, 'বোয়ালমারী', 'Boalmari', 52),
(393, 'সদরপুর', 'Sadarpur', 52),
(394, 'নগরকান্দা', 'Nagarkanda', 52),
(395, 'ভাঙ্গা', 'Bhanga', 52),
(396, 'চরভদ্রাসন', 'Charbhadrasan', 52),
(397, 'মধুখালী', 'Madhukhali', 52),
(398, 'সালথা', 'Saltha', 52),
(399, 'পঞ্চগড় সদর', 'Panchagarh Sadar', 53),
(400, 'দেবীগঞ্জ', 'Debiganj', 53),
(401, 'বোদা', 'Boda', 53),
(402, 'আটোয়ারী', 'Atwari', 53),
(403, 'তেতুলিয়া', 'Tetulia', 53),
(404, 'নবাবগঞ্জ', 'Nawabganj', 54),
(405, 'বীরগঞ্জ', 'Birganj', 54),
(406, 'ঘোড়াঘাট', 'Ghoraghat', 54),
(407, 'বিরামপুর', 'Birampur', 54),
(408, 'পার্বতীপুর', 'Parbatipur', 54),
(409, 'বোচাগঞ্জ', 'Bochaganj', 54),
(410, 'কাহারোল', 'Kaharol', 54),
(411, 'ফুলবাড়ী', 'Fulbari', 54),
(412, 'দিনাজপুর সদর', 'Dinajpur Sadar', 54),
(413, 'হাকিমপুর', 'Hakimpur', 54),
(414, 'খানসামা', 'Khansama', 54),
(415, 'বিরল', 'Birol', 54),
(416, 'চিরিরবন্দর', 'Chirirbandar', 54),
(417, 'লালমনিরহাট সদর', 'Lalmonirhat Sadar', 55),
(418, 'কালীগঞ্জ', 'Kaliganj', 55),
(419, 'হাতীবান্ধা', 'Hatibandha', 55),
(420, 'পাটগ্রাম', 'Patgram', 55),
(421, 'আদিতমারী', 'Aditmari', 55),
(422, 'সৈয়দপুর', 'Syedpur', 56),
(423, 'ডোমার', 'Domar', 56),
(424, 'ডিমলা', 'Dimla', 56),
(425, 'জলঢাকা', 'Jaldhaka', 56),
(426, 'কিশোরগঞ্জ', 'Kishorganj', 56),
(427, 'নীলফামারী সদর', 'Nilphamari Sadar', 56),
(428, 'সাদুল্লাপুর', 'Sadullapur', 57),
(429, 'গাইবান্ধা সদর', 'Gaibandha Sadar', 57),
(430, 'পলাশবাড়ী', 'Palashbari', 57),
(431, 'সাঘাটা', 'Saghata', 57),
(432, 'গোবিন্দগঞ্জ', 'Gobindaganj', 57),
(433, 'সুন্দরগঞ্জ', 'Sundarganj', 57),
(434, 'ফুলছড়ি', 'Phulchari', 57),
(435, 'ঠাকুরগাঁও সদর', 'Thakurgaon Sadar', 58),
(436, 'পীরগঞ্জ', 'Pirganj', 58),
(437, 'রাণীশংকৈল', 'Ranisankail', 58),
(438, 'হরিপুর', 'Haripur', 58),
(439, 'বালিয়াডাঙ্গী', 'Baliadangi', 58),
(440, 'রংপুর সদর', 'Rangpur Sadar', 59),
(441, 'গংগাচড়া', 'Gangachara', 59),
(442, 'তারাগঞ্জ', 'Taragonj', 59),
(443, 'বদরগঞ্জ', 'Badargonj', 59),
(444, 'মিঠাপুকুর', 'Mithapukur', 59),
(445, 'পীরগঞ্জ', 'Pirgonj', 59),
(446, 'কাউনিয়া', 'Kaunia', 59),
(447, 'পীরগাছা', 'Pirgacha', 59),
(448, 'কুড়িগ্রাম সদর', 'Kurigram Sadar', 60),
(449, 'নাগেশ্বরী', 'Nageshwari', 60),
(450, 'ভুরুঙ্গামারী', 'Bhurungamari', 60),
(451, 'ফুলবাড়ী', 'Phulbari', 60),
(452, 'রাজারহাট', 'Rajarhat', 60),
(453, 'উলিপুর', 'Ulipur', 60),
(454, 'চিলমারী', 'Chilmari', 60),
(455, 'রৌমারী', 'Rowmari', 60),
(456, 'চর রাজিবপুর', 'Charrajibpur', 60),
(457, 'শেরপুর সদর', 'Sherpur Sadar', 61),
(458, 'নালিতাবাড়ী', 'Nalitabari', 61),
(459, 'শ্রীবরদী', 'Sreebordi', 61),
(460, 'নকলা', 'Nokla', 61),
(461, 'ঝিনাইগাতী', 'Jhenaigati', 61),
(462, 'ফুলবাড়ীয়া', 'Fulbaria', 62),
(463, 'ত্রিশাল', 'Trishal', 62),
(464, 'ভালুকা', 'Bhaluka', 62),
(465, 'মুক্তাগাছা', 'Muktagacha', 62),
(466, 'ময়মনসিংহ সদর', 'Mymensingh Sadar', 62),
(467, 'ধোবাউড়া', 'Dhobaura', 62),
(468, 'ফুলপুর', 'Phulpur', 62),
(469, 'হালুয়াঘাট', 'Haluaghat', 62),
(470, 'গৌরীপুর', 'Gouripur', 62),
(471, 'গফরগাঁও', 'Gafargaon', 62),
(472, 'ঈশ্বরগঞ্জ', 'Iswarganj', 62),
(473, 'নান্দাইল', 'Nandail', 62),
(474, 'তারাকান্দা', 'Tarakanda', 62),
(475, 'জামালপুর সদর', 'Jamalpur Sadar', 63),
(476, 'মেলান্দহ', 'Melandah', 63),
(477, 'ইসলামপুর', 'Islampur', 63),
(478, 'দেওয়ানগঞ্জ', 'Dewangonj', 63),
(479, 'সরিষাবাড়ী', 'Sarishabari', 63),
(480, 'মাদারগঞ্জ', 'Madarganj', 63),
(481, 'বকশীগঞ্জ', 'Bokshiganj', 63),
(482, 'বারহাট্টা', 'Barhatta', 64),
(483, 'দুর্গাপুর', 'Durgapur', 64),
(484, 'কেন্দুয়া', 'Kendua', 64),
(485, 'আটপাড়া', 'Atpara', 64),
(486, 'মদন', 'Madan', 64),
(487, 'খালিয়াজুরী', 'Khaliajuri', 64),
(488, 'কলমাকান্দা', 'Kalmakanda', 64),
(489, 'মোহনগঞ্জ', 'Mohongonj', 64),
(490, 'পূর্বধলা', 'Purbadhala', 64),
(491, 'নেত্রকোণা সদর', 'Netrokona Sadar', 64);

--
-- Indexes for dumped tables
--

--
-- Indexes for table `districts`
--
ALTER TABLE `districts`
  ADD PRIMARY KEY (`id`);

--
-- Indexes for table `upazila`
--
ALTER TABLE `upazila`
  ADD PRIMARY KEY (`id`),
  ADD KEY `FK87orbgcope8t1ser7xdctyuno` (`district_id`);

--
-- Constraints for dumped tables
--

--
-- Constraints for table `upazila`
--
ALTER TABLE `upazila`
  ADD CONSTRAINT `FK87orbgcope8t1ser7xdctyuno` FOREIGN KEY (`district_id`) REFERENCES `districts` (`id`);
COMMIT;

/*!40101 SET CHARACTER_SET_CLIENT=@OLD_CHARACTER_SET_CLIENT */;
/*!40101 SET CHARACTER_SET_RESULTS=@OLD_CHARACTER_SET_RESULTS */;
/*!40101 SET COLLATION_CONNECTION=@OLD_COLLATION_CONNECTION */;
